{
  "id": "",
  "name": "",
  "font_family": "iconfont",
  "css_prefix_text": "icon-",
  "description": "",
  "glyphs": [
    {
      "icon_id": "646600",
      "name": "home",
      "font_class": "home",
      "unicode": "e6a9",
      "unicode_decimal": 59049
    },
    {
      "icon_id": "1337758",
      "name": "user",
      "font_class": "user",
      "unicode": "e614",
      "unicode_decimal": 58900
    },
    {
      "icon_id": "1603693",
      "name": "评论",
      "font_class": "pinglun",
      "unicode": "e616",
      "unicode_decimal": 58902
    },
    {
      "icon_id": "9799489",
      "name": "退出",
      "font_class": "tuichu",
      "unicode": "e865",
      "unicode_decimal": 59493
    },
    {
      "icon_id": "11124968",
      "name": "文章",
      "font_class": "16",
      "unicode": "e615",
      "unicode_decimal": 58901
    }
  ]
}
